{
  "validation": {
    "fpr_real": 0.10106382978723404,
    "recall_ai": 0.6987179487179487
  },
  "validation_augmented": {
    "fpr_real": 0.2620320855614973,
    "recall_ai": 0.47385272145144075
  },
  "calibration": {
    "fpr_real": 0.15217391304347827,
    "recall_ai": 0.7066167290886392
  },
  "threshold": 0.7890001958517098,
  "top_features": [
    [
      "hf_minus_lf",
      0.03665480427046264
    ],
    [
      "spec_30",
      0.02259786476868326
    ],
    [
      "spec_31",
      0.021174377224199282
    ],
    [
      "mean_R",
      0.017259786476868322
    ],
    [
      "std_G",
      0.011209964412811368
    ],
    [
      "spec_22",
      0.009964412811387912
    ],
    [
      "sat_mean",
      0.007829181494661918
    ],
    [
      "std_B",
      0.007651245551601416
    ],
    [
      "mean_G",
      0.007117437722419906
    ],
    [
      "spec_29",
      0.006939501779359402
    ],
    [
      "spec_0",
      0.005516014234875443
    ],
    [
      "spec_5",
      0.004448398576512425
    ]
  ]
}