{
  "n": {
    "TP_ai": 751,
    "TN_real": 155,
    "FP_real": 33,
    "FN_ai": 185
  },
  "occlusion_center_border_real": [
    -0.09429718554019928,
    -0.052731070667505264
  ],
  "occlusion_center_border_ai": [
    -0.056122876703739166,
    -0.016559049487113953
  ]
}